<?xml version="1.0" encoding="ISO-8859-1"?>

<decorators defaultdir="/WEB-INF/decorators">
    <!-- Any urls that are excluded will never be decorated by Sitemesh -->
	<excludes>
		<pattern>/trainer/*</pattern>
		<pattern>/menu/*</pattern>
		<pattern>/user/*</pattern>
		<pattern>/role/*</pattern>
		<pattern>/category/*</pattern>
		<pattern>/testtype/*</pattern>
		<pattern>/technology/*</pattern>
		<pattern>/testimony/*</pattern>
		<pattern>/bootcamptype/*</pattern>
		<pattern>/clazz/*</pattern>
<<<<<<< HEAD
		<pattern>/biodata/*</pattern>

=======
>>>>>>> 853e09c437cc1ca4e2e48b8ada34d816a4aef0b0
		<pattern>/batch/*</pattern>
	</excludes>

	<decorator name="main" page="main.jsp">
		<pattern>/*</pattern>
	</decorator>

	<decorator name="home" page="home.jsp">
		<pattern>/home.html</pattern>
	</decorator>

	<decorator name="login" page="/login.jsp">
		<pattern>/login.jsp</pattern>
		<pattern>/login.html</pattern>
	</decorator>
</decorators>
